1,AOC 24B2XHM
2,AOC 60000
3,AOC 716VWY
4,AOC 717Vwx
5,AOC 917Vw
6,AOC E2250SWDN LED Monitor
7,CANON SX70 HS
8,Samsung A14 5G
9,Brother MFC T810W
10,Brother MFC-T4500DW Ink Tank Printer
11,Brother Printer MFC-T4500DW
13,Samsung Galaxy A04e
14,LG 24MP58
15,LG 24MP58
16,LG FLATRON L177WSB
17,LG Flatron W1941S
18,LG FLATRON W1943S
19,LG Flatron W194PS-PF
20,LG W1941ST
21,PLDT Home Smart LTE D2K-FT10
22,Huawei LTE CPE B593
23,PROJECTOR
24,KANDAO MEETING 360
25,NETWORK WALL CABINET
26,REDFOX RF7812
27,REDFOX RF787A
28,VIEW SONIC VX1940w
29,TP-LINK AC1350
30,Nutanix VM
31,Liebert UPS PSA650-SOHO
32,ZTE MF286
33,Brother CE-700 Typewriter
34,CANON E410 Printer
35,CANON PIXMA G2010
36,Canon PIXMA Ink Sufficient G2010
37,EPSON L3158
38,iPhone 15 Pro Max
39,HIKVISION DS-2CD4032FWD
40,HIKVISION DS-7604NI-E1 / 4P
41,JABRA SPEAK 710 PHS040W
42,TCD NITGEN Finkey2
43,TCD NITGEN NAC5000
44,TCD NITGEN UBIO - X SLIM
45,TCD NITGENT eNBioAccess T3
46,HP Victus 16-R0106TX
47,Linksys EA8100
48,SEAGATE CENTRAL STORAGE STCG4000300 4TB
49,Asus C1241Q
50,DJI MAVIC MINI 2
51,DJI MAVIC MINI 2
52,Datacard LM200
53,Datacard SR300
54,XIAOMI REDMI 10C
55,XIAOMI REDMI NOTE 11
56,NIKON D3500 18-55
57,STARLINK Ethernet Adapter
58,STARLINK KII
59,STARLINK Router
60,STARLINK Satellite Dish
61,INTERCOM SYSTEM C1-6S
62,TCD ZTKECO ST300
63,ZTKECO IN01-A
64,ZKTECO TCD IN01-A
65,Dell Vostro 3430
66,Hp ProBook 440 G10
67,MSI MAG SHIELD M301
68,Lenovo E1922swD
69,Uniden AS7201
70,FortiGate 201F
71,CANON EOS 3000D
72,HP Envy X360
73,Synolody DS1522+
74,CANON D3500 18-55 VR KIT
75,CP-3905
