1,01A15-0015,Line Maintenance,LINE MAINTENANCE
2,01A15-0016,Engineering and Various Services,ENGINEERING AND VARIOUS SERVICES
3,01A15-0021,Meter Reading,METER READING
4,01A15-0022,Meter Socket Voltage Test & Reseal,METER SOCKET VOLTAGE TEST & RESEAL
5,01A15-0023,Service Drop and Streetlight Data,SERVICE DROP AND STREETLIGHT DATA
6,01A15-0024,Metering Security Check Reading,METERING SECURITY CHECK READING
7,01A15-0025,Off Cycle Reading,OFF CYCLE READING
8,01A15-0026,STP Operation and Maintenance,STP OPERATION AND MAINTENANCE
9,01A15-0027,ERC Stickering,ERC STICKERING
10,01A15-0028,PLDT OAOP- South Paranaque,PLDT OAOP- SOUTH PARANAQUE
11,01A15-0029,Network Asset Optimization,NETWORK ASSET OPTIMIZATION
12,01A15-0035,Cost Plus,COST PLUS
13,01A15-0036,Prepaide Electricity Services (PRES),PREPAIDE ELECTRICITY SERVICES (PRES)
14,01A15-0037,DCD Draftsman & Engineering,DCD DRAFTSMAN & ENGINEERING
15,01A15-0038,DSD San Joaquin,DSD SAN JOAQUIN
16,01A15-0040,PLDT OAOP- Baguio City,PLDT OAOP- BAGUIO CITY
17,01A15-0092,138kV Switchyard at Manolo Fortich,138KV SWITCHYARD AT MANOLO FORTICH
18,01A15-0101,TVI-Magdugo Substation,TVI-MAGDUGO SUBSTATION
19,01A15-0102,TVI Switchyard,TVI SWITCHYARD
20,01A15-0115,NGCP-Cebu-Negros-Panay 230kV SS,NGCP-CEBU-NEGROS-PANAY 230KV SS
21,01A15-0121,50 MW Naic Solar Project,50 MW NAIC SOLAR PROJECT
22,01A15-0126,NGCP -Malita-Matanao 230kV TL and SS,NGCP -MALITA-MATANAO 230KV TL AND SS
23,01A15-0128,CEPALCO-69kV Tablon Substation Project,CEPALCO-69KV TABLON SUBSTATION PROJECT
24,01A15-0133,Sterling&Wilson-30MW Solar Power Project,STERLING&WILSON-30MW SOLAR POWER PROJECT
25,01A15-0143,MECO-Strctural Assessmnt of Telcom Tower,MECO-STRCTURAL ASSESSMNT OF TELCOM TOWER
26,01A15-0154,MERALCO- Design & Constr of Powertech,MERALCO- DESIGN & CONSTR OF POWERTECH
27,01A15-0158,FGPC- Sta. Rita Calaca 230kV TLMA,FGPC- STA. RITA CALACA 230KV TLMA
28,01A15-0169,CEDC- Cross-Over 69kV TL,CEDC- CROSS-OVER 69KV TL
29,01A15-0170,Kauswagan-Balo-I/Abaga 230kV TL,KAUSWAGAN-BALO-I/ABAGA 230KV TL
30,01A15-0175,Cebu-Negros-Panay (CNP) 230kV TL,CEBU-NEGROS-PANAY (CNP) 230KV TL
31,01A15-0178,Const of Calumpit-Tabang 69kV Line Job 3,CONST OF CALUMPIT-TABANG 69KV LINE JOB 3
32,01A15-0181,Toril 138/69kV SS Project-Phase 2,TORIL 138/69KV SS PROJECT-PHASE 2
33,01A15-0183,Design & Const of Cavite City STP,DESIGN & CONST OF CAVITE CITY STP
34,01A15-0195,NARI-Malita-MatanaoOffshore mat&Eqt supp,NARI-MALITA-MATANAOOFFSHORE MAT&EQT SUPP
35,01A15-0196,EPC of Manolo Fortich 138kV TL,EPC OF MANOLO FORTICH 138KV TL
36,01A15-0200,Additional MP for Quezon Maintenance,ADDITIONAL MP FOR QUEZON MAINTENANCE
37,01A16-0001,PLDT CAMANAVA/Grace Park OAOP Project,PLDT CAMANAVA/GRACE PARK OAOP PROJECT
38,01A16-0002,PLDT Novaliches OAOP Project,PLDT NOVALICHES OAOP PROJECT
39,01A16-0003,PLDT Quezon City OAOP Project,PLDT QUEZON CITY OAOP PROJECT
40,01A16-0004,PLDT Baguio OAOP Project,PLDT BAGUIO OAOP PROJECT
41,01A16-0005,PLDT Bicol OAOP Project,PLDT BICOL OAOP PROJECT
42,01A16-0006,Engineering Various Services,ENGINEERING VARIOUS SERVICES
43,01A16-0007,Network Asset Optimization Project,NETWORK ASSET OPTIMIZATION PROJECT
44,01A16-0008,DM-Resolution for Field Verification,DM-RESOLUTION FOR FIELD VERIFICATION
45,01A16-0009,Cost Plus,COST PLUS
46,01A16-0010,Home and Micro Business,HOME AND MICRO BUSINESS
47,01A16-0011,Advice of Contract Termination Project,ADVICE OF CONTRACT TERMINATION PROJECT
48,01A16-0012,Field Order 211 (Check Reading) Project,FIELD ORDER 211 (CHECK READING) PROJECT
49,01A16-0013,Prepaid Retail Electricity Service Proje,PREPAID RETAIL ELECTRICITY SERVICE PROJE
50,01A16-0014,Metering Security Check Reading,METERING SECURITY CHECK READING
51,01A16-0015,Meter Socket Voltage Test and Reseal,METER SOCKET VOLTAGE TEST AND RESEAL
52,01A16-0016,Meter Reading,METER READING
53,01A16-0017,MERALCO Design Services (LSCP),MERALCO DESIGN SERVICES (LSCP)
54,01A16-0018,Radius Telecoms,RADIUS TELECOMS
55,01A16-0019,Sewage Treatment Plant O&M Project,SEWAGE TREATMENT PLANT O&M PROJECT
56,01A16-0020,DCD D&E,DCD D&E
57,01A16-0021,DSD,DSD
58,01A16-0022,Service drop and Street Lights Data Gath,SERVICE DROP AND STREET LIGHTS DATA GATH
59,01A16-0023,Corporate Information and Technology,CORPORATE INFORMATION AND TECHNOLOGY
60,01A16-0024,Load Profile Retrieval,LOAD PROFILE RETRIEVAL
61,01A16-0025,Off Cycle Reading,OFF CYCLE READING
62,01A16-0026,Data Maintenance,DATA MAINTENANCE
63,01A16-0027,Facilities Inspection Support (FIS),FACILITIES INSPECTION SUPPORT (FIS)
64,01A16-0028,MERALCO Fiber Optic Cable (FOC),MERALCO FIBER OPTIC CABLE (FOC)
65,01A16-0029,CEDC - Maintenance of Distribution & Tra,CEDC - MAINTENANCE OF DISTRIBUTION & TRA
66,01A16-0031,MIESCOR Trading,MIESCOR TRADING
67,01A16-0032,Const of 115kV Lines for the Development,CONST OF 115KV LINES FOR THE DEVELOPMENT
68,01A16-0033,Primary Metering,PRIMARY METERING
69,01A16-0044,Annual Preventive Maintenance Services o,ANNUAL PREVENTIVE MAINTENANCE SERVICES O
70,01A16-0055,50MW PV Power Plant with Substation and,50MW PV POWER PLANT WITH SUBSTATION AND
71,01A16-0067,Tayabas-Mauban 230kV Transmission Line M,TAYABAS-MAUBAN 230KV TRANSMISSION LINE M
72,01A16-0068,Sta. Rita-Calaca 230kV Transmission Line,STA. RITA-CALACA 230KV TRANSMISSION LINE
73,01A16-0078,Construction of 115kV Lines for the Dev,CONSTRUCTION OF 115KV LINES FOR THE DEV
74,01A16-0086,PELCO PROJECT,PELCO PROJECT
75,01A16-0090,TSA&MIT-Manpower Services-BalingasagPPS,TSA&MIT-MANPOWER SERVICES-BALINGASAGPPS
76,01A16-0093,Balo-i-Kauswagan-Aurora 230 kV Substatio,BALO-I-KAUSWAGAN-AURORA 230 KV SUBSTATIO
77,01A16-0096,MBI-Supply & Delivery of Troxler Gauge,MBI-SUPPLY & DELIVERY OF TROXLER GAUGE
78,01A16-0117,Kirahon 138kV Substation (Additional Bay,KIRAHON 138KV SUBSTATION (ADDITIONAL BAY
79,01A16-0121,Cepalco 5 km 138 kv TL Adjunct to Kiraho,CEPALCO 5 KM 138 KV TL ADJUNCT TO KIRAHO
80,01A16-0124,Additional MP for Quezon Maintenance Pro,ADDITIONAL MP FOR QUEZON MAINTENANCE PRO
81,01A16-0141,Construction of 115kV Lines for the Deve,CONSTRUCTION OF 115KV LINES FOR THE DEVE
82,01A16-0144,Sta. Rita-Calaca 230kV TL Maintenance,STA. RITA-CALACA 230KV TL MAINTENANCE
83,01A16-0150,MECO-Tele Tower Structural Assessment,MECO-TELE TOWER STRUCTURAL ASSESSMENT
84,01A16-0159,Non-Electric Project,NON-ELECTRIC PROJECT
85,01A16-0160,Construction of CBP-Rockwell 115kV Line,CONSTRUCTION OF CBP-ROCKWELL 115KV LINE
86,01A16-0161,Construction of Lucena - Tayabas 115kV L,CONSTRUCTION OF LUCENA - TAYABAS 115KV L
87,01A16-0162,Construction of Lucena-Tayabas 115kV Lin,CONSTRUCTION OF LUCENA-TAYABAS 115KV LIN
88,01A16-0164,SNMC 69kV Metering Facility,SNMC 69KV METERING FACILITY
89,01A16-0168,Cebu-Negros-Panay 230kV Backbone Project,CEBU-NEGROS-PANAY 230KV BACKBONE PROJECT
90,01A16-0173,Construction of Portion of Paco-Legaspi,CONSTRUCTION OF PORTION OF PACO-LEGASPI
91,01A16-0189,GNPower Kauswagan 69kV Transmission Line,GNPOWER KAUSWAGAN 69KV TRANSMISSION LINE
92,01A17-0001,Addtl MP for Quezon Maintenance Project,ADDTL MP FOR QUEZON MAINTENANCE PROJECT
93,01A17-0002,MECO-FOC Maintenance,MECO-FOC MAINTENANCE
94,01A17-0003,CEDC-Maintenance of Distribution & TL,CEDC-MAINTENANCE OF DISTRIBUTION & TL
95,01A17-0004,Facilities Inspection Support (FIS),FACILITIES INSPECTION SUPPORT (FIS)
96,01A17-0005,Load Profile Retrieval,LOAD PROFILE RETRIEVAL
97,01A17-0006,Data Maintenance,DATA MAINTENANCE
98,01A17-0007,Home & Micro Business,HOME & MICRO BUSINESS
99,01A17-0008,Advice of Contract Termination,ADVICE OF CONTRACT TERMINATION
100,01A17-0009,Resolution for Field Verification (RFV),RESOLUTION FOR FIELD VERIFICATION (RFV)
101,01A17-0010,Metering Security Check Reading,METERING SECURITY CHECK READING
102,01A17-0011,Meter Socket Voltage Test & Reseal,METER SOCKET VOLTAGE TEST & RESEAL
103,01A17-0012,Meter Reading,METER READING
104,01A17-0013,Meralco Design Services (LSCP),MERALCO DESIGN SERVICES (LSCP)
105,01A17-0014,DCD D&E,DCD D&E
106,01A17-0015,Servicedrop and Street lights Data Gathe,SERVICEDROP AND STREET LIGHTS DATA GATHE
107,01A17-0018,PLDT-Bicol OAOP,PLDT-BICOL OAOP
108,01A17-0019,PLDT-Baguio OAOP,PLDT-BAGUIO OAOP
109,01A17-0020,PLDT-Quezon City OAOP,PLDT-QUEZON CITY OAOP
110,01A17-0021,PLDT-Novaliches OAOP,PLDT-NOVALICHES OAOP
111,01A17-0022,Radius Telecoms,RADIUS TELECOMS
112,01A17-0023,Engineering & Various Services,ENGINEERING & VARIOUS SERVICES
113,01A17-0024,Network Asset Optimization (NAO),NETWORK ASSET OPTIMIZATION (NAO)
114,01A17-0025,Cost Plus,COST PLUS
115,01A17-0026,Off Cycle Reading,OFF CYCLE READING
116,01A17-0027,Field Order 211 (Check Reading),FIELD ORDER 211 (CHECK READING)
117,01A17-0028,Prepaid Retail Electricity Service,PREPAID RETAIL ELECTRICITY SERVICE
118,01A17-0029,Corporate Information and Technology,CORPORATE INFORMATION AND TECHNOLOGY
119,01A17-0030,Installation of Support Rod and Relocati,INSTALLATION OF SUPPORT ROD AND RELOCATI
120,01A17-0031,Sewage Treatment Plant (STP),SEWAGE TREATMENT PLANT (STP)
121,01A17-0037,Technical Audit of the Connection Assets,TECHNICAL AUDIT OF THE CONNECTION ASSETS
122,01A17-0042,Mindanao 230 KV Transmission Backbone Pr,MINDANAO 230 KV TRANSMISSION BACKBONE PR
123,01A17-0043,Installation of Flow meters for 37 Vario,INSTALLATION OF FLOW METERS FOR 37 VARIO
124,01A17-0051,MIESCOR Trading,MIESCOR TRADING
125,01A17-0054,Construction of 115kV TL Zone4 Tayabas Q,CONSTRUCTION OF 115KV TL ZONE4 TAYABAS Q
126,01A17-0056,CNP 230kV Backbone Colon Substation,CNP 230KV BACKBONE COLON SUBSTATION
127,01A17-0060,Naga (Visayas) and Naga Colon 138 KV Sub,NAGA (VISAYAS) AND NAGA COLON 138 KV SUB
128,01A17-0061,Atimonan 500kV Transmission Line project,ATIMONAN 500KV TRANSMISSION LINE PROJECT
129,01A17-0064,Tayabas-Mauban 230kV TL Maintenance,TAYABAS-MAUBAN 230KV TL MAINTENANCE
130,01A17-0080,Hermosa (Balsik) San Jose 500 KV Transmi,HERMOSA (BALSIK) SAN JOSE 500 KV TRANSMI
131,01A17-0111,QPL Maintenance Project,QPL MAINTENANCE PROJECT
132,01A17-0117,"DLPC, WBS 01A17-0117","DLPC, WBS 01A17-0117"
133,01A17-0139,"North Luzon Upgrading Project, Stage 1 S","NORTH LUZON UPGRADING PROJECT, STAGE 1 S"
134,01A17-0145,"DLPC, WBS 01A17-0145","DLPC, WBS 01A17-0145"
135,01A17-0146,"DLPC, WBS 01A17-0146","DLPC, WBS 01A17-0146"
136,01A17-0147,"DLPC, WBS 01A17-0147","DLPC, WBS 01A17-0147"
137,01A17-0148,"DLPC, WBS 01A17-0148","DLPC, WBS 01A17-0148"
138,01A17-0149,"DLPC, WBS 01A17-0149","DLPC, WBS 01A17-0149"
139,01A17-0150,"DLPC, WBS 01A17-0150","DLPC, WBS 01A17-0150"
140,01A17-0155,Schedule-2 Mindanao 230KV Transmission B,SCHEDULE-2 MINDANAO 230KV TRANSMISSION B
141,01A17-0164,Bataan 230 KV- San Rafael Substations,BATAAN 230 KV- SAN RAFAEL SUBSTATIONS
142,01A17-0166,Pulilan Substation and SAMC Transmission,PULILAN SUBSTATION AND SAMC TRANSMISSION
143,01A17-0175,Bi�an-ROHM 115kV TL Job1-5,BI�AN-ROHM 115KV TL JOB1-5
144,01A17-0176,Alabang Sub-transmission Facilities,ALABANG SUB-TRANSMISSION FACILITIES
145,01A17-0180,PLDT Fibrization Project,PLDT FIBRIZATION PROJECT
146,01A17-0181,Converge ICT FTTH SLI,CONVERGE ICT FTTH SLI
147,01A17-0187,Additional MP for Quezon Maintenance,ADDITIONAL MP FOR QUEZON MAINTENANCE
148,01A18-0002,Access Road Between Tower 43 & 44,ACCESS ROAD BETWEEN TOWER 43 & 44
149,01A18-0004,FOC Maintenance,FOC MAINTENANCE
150,01A18-0005,Radius Telecoms,RADIUS TELECOMS
151,01A18-0006,Bicol OAOP,BICOL OAOP
152,01A18-0007,Baguio OAOP,BAGUIO OAOP
153,01A18-0008,Sewage Treatment Plant (STP),SEWAGE TREATMENT PLANT (STP)
154,01A18-0009,Network Asset Optimization (NAO),NETWORK ASSET OPTIMIZATION (NAO)
155,01A18-0010,Meter Socket Voltage Test and Reseal,METER SOCKET VOLTAGE TEST AND RESEAL
156,01A18-0011,Meter Reading,METER READING
157,01A18-0012,Meralco Design Services (LSCP),MERALCO DESIGN SERVICES (LSCP)
158,01A18-0013,Load Profile Retrieval (LPR),LOAD PROFILE RETRIEVAL (LPR)
159,01A18-0014,Field Order 211 (Check Reading),FIELD ORDER 211 (CHECK READING)
160,01A18-0015,Engineering & Various Services,ENGINEERING & VARIOUS SERVICES
161,01A18-0016,DCD D&E,DCD D&E
162,01A18-0017,Cost Plus,COST PLUS
163,01A18-0018,Maintenance of Distribution &Trans Line,MAINTENANCE OF DISTRIBUTION &TRANS LINE
164,01A18-0019,Data Maintenance,DATA MAINTENANCE
165,01A18-0020,Advice of Contract Termination,ADVICE OF CONTRACT TERMINATION
166,01A18-0021,Corporate Information Technology (CIT),CORPORATE INFORMATION TECHNOLOGY (CIT)
167,01A18-0022,Servicedrop and Street Lights Data,SERVICEDROP AND STREET LIGHTS DATA
168,01A18-0023,Resolution for Field Verification (RFV),RESOLUTION FOR FIELD VERIFICATION (RFV)
169,01A18-0024,Prepaid Retail Electricity Service,PREPAID RETAIL ELECTRICITY SERVICE
170,01A18-0025,Metering Security Check Reading,METERING SECURITY CHECK READING
171,01A18-0026,Facilities Inspection Support (FIS),FACILITIES INSPECTION SUPPORT (FIS)
172,01A18-0027,Non-Electric Project,NON-ELECTRIC PROJECT
173,01A18-0028,Off Cycle Reading,OFF CYCLE READING
174,01A18-0030,MIESCOR Trading,MIESCOR TRADING
175,01A18-0037,CONVERGE ICT ODN PROJECT,CONVERGE ICT ODN PROJECT
176,01A18-0040,TAYABAS-MAUBAN 230KV TRANSMISSION LINE M,TAYABAS-MAUBAN 230KV TRANSMISSION LINE M
177,01A18-0044,MACRO ASIA/MIASCOR Pole Relocation Proje,MACRO ASIA/MIASCOR POLE RELOCATION PROJE
178,01A18-0049,"Design, Installation of Primary Equipmen","DESIGN, INSTALLATION OF PRIMARY EQUIPMEN"
179,01A18-0057,Globe SLI Corporate Project,GLOBE SLI CORPORATE PROJECT
180,01A18-0061,Huawei ODN Project,HUAWEI ODN PROJECT
181,01A18-0063,IBS/DAS POC,IBS/DAS POC
182,01A18-0065,Service Engineers for Shweel,SERVICE ENGINEERS FOR SHWEEL
183,01A18-0066,Testing & Commissioning Services,TESTING & COMMISSIONING SERVICES
184,01A18-0068,"Design,Supply, Delivery Installation, Te","DESIGN,SUPPLY, DELIVERY INSTALLATION, TE"
185,01A18-0073,Additional Manpower for TL Maintenance,ADDITIONAL MANPOWER FOR TL MAINTENANCE
186,01A18-0075,GLOBE IBS/DAS POC,GLOBE IBS/DAS POC
187,01A18-0080,Construction of New CND-Baliuag 69kV Lin,CONSTRUCTION OF NEW CND-BALIUAG 69KV LIN
188,01A18-0095,Philippine PV Poverty Relief Program,PHILIPPINE PV POVERTY RELIEF PROGRAM
189,01A18-0106,EPC of SanMateo-Diliman-Marikina 115KVTL,EPC OF SANMATEO-DILIMAN-MARIKINA 115KVTL
190,01A18-0112,"Design of New 25MVA, 115KV / 34.5KV SS","DESIGN OF NEW 25MVA, 115KV / 34.5KV SS"
191,01A18-0117,Rental of Bored Piling Equipement,RENTAL OF BORED PILING EQUIPEMENT
192,01A18-0123,Converge ICT ODN,CONVERGE ICT ODN
193,01A18-0125,Construction of 115KV Lines for MERALCO,CONSTRUCTION OF 115KV LINES FOR MERALCO
194,01A18-0133,Sky Cable Fiber Optic,SKY CABLE FIBER OPTIC
195,01A18-0136,Mindanao Substation Upgrading Project,MINDANAO SUBSTATION UPGRADING PROJECT
196,01A18-0140,Converge ICT ODN,CONVERGE ICT ODN
197,01A18-0141,Converge ICT ODN Pasig,CONVERGE ICT ODN PASIG
198,01A18-0164,Globe ODN,GLOBE ODN
199,01A19-0001,test50,TEST50
200,01A19-0006,QPL Maintenance Project,QPL MAINTENANCE PROJECT
201,01A19-0007,Corporate Information Technology,CORPORATE INFORMATION TECHNOLOGY
202,01A19-0008,Servicedrop &St.light Data Gathering,SERVICEDROP &ST.LIGHT DATA GATHERING
203,01A19-0009,Prepaid Retail Electricity Service,PREPAID RETAIL ELECTRICITY SERVICE
204,01A19-0010,Metering Security Check Reading,METERING SECURITY CHECK READING
205,01A19-0011,(FIS) Facilities Inspection Support,(FIS) FACILITIES INSPECTION SUPPORT
206,01A19-0012,Non-Electric,NON-ELECTRIC
207,01A19-0013,Off Cycle Reading,OFF CYCLE READING
208,01A19-0014,Sewage Treatment PLant,SEWAGE TREATMENT PLANT
209,01A19-0015,Network Asset Optimization,NETWORK ASSET OPTIMIZATION
210,01A19-0016,Meter Socket Voltage Test & Reseal,METER SOCKET VOLTAGE TEST & RESEAL
211,01A19-0017,Meter Reading,METER READING
212,01A19-0018,Meralco Design Services(LSCP),MERALCO DESIGN SERVICES(LSCP)
213,01A19-0019,Load Profile Retrieval,LOAD PROFILE RETRIEVAL
214,01A19-0020,Field Order 211,FIELD ORDER 211
215,01A19-0021,Engineering & Various Services,ENGINEERING & VARIOUS SERVICES
216,01A19-0022,DCD D&E,DCD D&E
217,01A19-0023,Cost Plus,COST PLUS
218,01A19-0024,Maintenance Distribution & TL,MAINTENANCE DISTRIBUTION & TL
219,01A19-0025,Data Maintenance,DATA MAINTENANCE
220,01A19-0026,Advice of Contract Termination,ADVICE OF CONTRACT TERMINATION
221,01A19-0027,Resolution for Field Verification,RESOLUTION FOR FIELD VERIFICATION
222,01A19-0028,Trading 2019,TRADING 2019
223,01A19-0035,Subtransmission Lines (LSCP),SUBTRANSMISSION LINES (LSCP)
224,01A19-0036,Facilities Inspection Support (OSA),FACILITIES INSPECTION SUPPORT (OSA)
225,01A19-0040,Mindanao Substation Upgrading Project,MINDANAO SUBSTATION UPGRADING PROJECT
226,01A19-0044,GNPower-Mariveles Bataan 500kV TL,GNPOWER-MARIVELES BATAAN 500KV TL
227,01A19-0050,Pasig SLI Residential,PASIG SLI RESIDENTIAL
228,01A19-0051,CAMANVA SLI Residential,CAMANVA SLI RESIDENTIAL
229,01A19-0053,Project Test 0001,PROJECT TEST 0001
230,01A19-0054,AWOC TL Maintenance,AWOC TL MAINTENANCE
231,01A19-0055,Radius Maintenance,RADIUS MAINTENANCE
232,01A19-0056,Globe SLI Corporate,GLOBE SLI CORPORATE
233,01A19-0057,Meralco FOC Maintenance,MERALCO FOC MAINTENANCE
234,01A19-0058,Converge-NCR FTTH SLI,CONVERGE-NCR FTTH SLI
235,01A19-0059,S-Luzon Converge FTTH SLI,S-LUZON CONVERGE FTTH SLI
236,01A19-0060,Lipa-Btngs Converge FTTH SLI,LIPA-BTNGS CONVERGE FTTH SLI
237,01A19-0061,230kV Tayabas-Mauban TL maint.,230KV TAYABAS-MAUBAN TL MAINT.
238,01A19-0078,RT-Radius Telecoms PLDT PNR,RT-RADIUS TELECOMS PLDT PNR
239,01A19-0092,QPL Maintenance Project,QPL MAINTENANCE PROJECT
240,01A19-0098,RTI-Radius Fiber Roll-out w/ MicroTrench,RTI-RADIUS FIBER ROLL-OUT W/ MICROTRENCH
241,01A19-0099,RTI-Radius Coloc Nodes,RTI-RADIUS COLOC NODES
242,01A19-0146,MORE Electric & Power Corporation,MORE ELECTRIC & POWER CORPORATION
243,01A19-BUTN,Revision of WBS Format from PEM,REVISION OF WBS FORMAT FROM PEM
244,01A20-0001,QPL-TL Maintenance Security Patrol,QPL-TL MAINTENANCE SECURITY PATROL
245,01A20-0002,MEC-Sewage Treatment Plant O&M,MEC-SEWAGE TREATMENT PLANT O&M
246,01A20-0003,MEC-Non-Electric Design,MEC-NON-ELECTRIC DESIGN
247,01A20-0004,MEC-Engineering & Allied Services,MEC-ENGINEERING & ALLIED SERVICES
248,01A20-0005,Data Maintenance,DATA MAINTENANCE
249,01A20-0006,MEC-Land Base Mapping & ROWA,MEC-LAND BASE MAPPING & ROWA
250,01A20-0007,MEC-Resolution for Field Verification,MEC-RESOLUTION FOR FIELD VERIFICATION
251,01A20-0008,MEC-Foreign Attachment Support Services,MEC-FOREIGN ATTACHMENT SUPPORT SERVICES
252,01A20-0009,MEC-Info.&Comm. Technology Contracts,MEC-INFO.&COMM. TECHNOLOGY CONTRACTS
253,01A20-0010,MEC-Network Application & Data Mgmt Con,MEC-NETWORK APPLICATION & DATA MGMT CON
254,01A20-0011,MEC-Facilities Inspection Support,MEC-FACILITIES INSPECTION SUPPORT
255,01A20-0012,MEC-Metering Security Check Reading,MEC-METERING SECURITY CHECK READING
256,01A20-0013,MEC-Meter Socket Voltage Test & Reseal,MEC-METER SOCKET VOLTAGE TEST & RESEAL
257,01A20-0014,MEC-Ordinary Service Application,MEC-ORDINARY SERVICE APPLICATION
258,01A20-0015,MEC-Meter Reading,MEC-METER READING
259,01A20-0016,MEC-Load Profile Retrieval,MEC-LOAD PROFILE RETRIEVAL
260,01A20-0017,MEC-Field Survey for Billing Adjustment,MEC-FIELD SURVEY FOR BILLING ADJUSTMENT
261,01A20-0018,MEC-Advice of Contract Termination,MEC-ADVICE OF CONTRACT TERMINATION
262,01A20-0019,MEC-PEA - Off Cycle Reading,MEC-PEA - OFF CYCLE READING
263,01A20-0020,MEC-Design,MEC-DESIGN
264,01A20-0021,MEC-Drafting Services under DCD Group,MEC-DRAFTING SERVICES UNDER DCD GROUP
265,01A20-0022,MEC-Clark Electric Const & Maintenance,MEC-CLARK ELECTRIC CONST & MAINTENANCE
266,01A20-0023,MEC-Sub-Transmission Line,MEC-SUB-TRANSMISSION LINE
267,01A20-0024,Globe Corporate Last Mile,GLOBE CORPORATE LAST MILE
268,01A20-0025,Converge ICT SLI (NCR),CONVERGE ICT SLI (NCR)
269,01A20-0026,Meralco Telecoms Maintenance,MERALCO TELECOMS MAINTENANCE
270,01A20-0027,Globe Narra SLI Residential CAMANAVA,GLOBE NARRA SLI RESIDENTIAL CAMANAVA
271,01A20-0028,Radius Telecom,RADIUS TELECOM
272,01A20-0029,Converge ICT SLI (South Luzon),CONVERGE ICT SLI (SOUTH LUZON)
273,101-PJ-DO01-13-0001,MGI-Maibarara Geothermal 115kV Line-2013,MGI-MAIBARARA GEOTHERMAL 115KV LINE-2013
274,101-PJ-DO01-13-0002,MECO-Lift Station-2013,MECO-LIFT STATION-2013
275,101-PJ-DO01-13-0003,MECO-Engineering & Various Services-2013,MECO-ENGINEERING & VARIOUS SERVICES-2013
276,101-PJ-DO01-13-0004,MECO-Load Profile Retrieval-2013,MECO-LOAD PROFILE RETRIEVAL-2013
277,101-PJ-DO01-13-0005,MECO-Power Accounts Billing-2013,MECO-POWER ACCOUNTS BILLING-2013
278,101-PJ-DO01-13-0006,MECO-Data Gathering /Maintenance-2013,MECO-DATA GATHERING /MAINTENANCE-2013
279,101-PJ-DO01-13-0007,MECO-Meter Reading-2013,MECO-METER READING-2013
280,101-PJ-DO01-13-0008,MECO-Metering Security CheckReading-2013,MECO-METERING SECURITY CHECKREADING-2013
281,101-PJ-DO01-13-0009,MECO-Off Cycle Reading-2013,MECO-OFF CYCLE READING-2013
282,101-PJ-DO01-13-0010,MECO-Voltage Test and Reseal-2013,MECO-VOLTAGE TEST AND RESEAL-2013
283,101-PJ-DO01-13-0011,MECO-Network Asset Optimization-2013,MECO-NETWORK ASSET OPTIMIZATION-2013
284,101-PJ-DO01-13-0012,MECO-Foreign Attachment Inventory-2013,MECO-FOREIGN ATTACHMENT INVENTORY-2013
285,101-PJ-DO01-13-0013,MECO-Secondary Metering Facilities-2013,MECO-SECONDARY METERING FACILITIES-2013
286,101-PJ-DO01-13-0014,MECO-FO 211 Check Reading-2013,MECO-FO 211 CHECK READING-2013
287,101-PJ-DO01-13-0015,MECO-FO 503 Pull-out Meter-2013,MECO-FO 503 PULL-OUT METER-2013
288,101-PJ-DO01-13-0016,MECO-Facilities Inspection Services-2013,MECO-FACILITIES INSPECTION SERVICES-2013
289,101-PJ-DO01-13-0017,MECO-Meter SocketVoltageTest&Reseal-2013,MECO-METER SOCKETVOLTAGETEST&RESEAL-2013
290,101-PJ-DO01-13-0018,MECO-Enterprise Asset Management-2013,MECO-ENTERPRISE ASSET MANAGEMENT-2013
291,101-PJ-DO01-13-0019,MECO-STP North Area-2013,MECO-STP NORTH AREA-2013
292,101-PJ-DO01-13-0020,MECO-Design Services (LSCP)-2013,MECO-DESIGN SERVICES (LSCP)-2013
293,101-PJ-DO01-13-0021,MECO-Design Services (Cost Plus)-2013,MECO-DESIGN SERVICES (COST PLUS)-2013
294,101-PJ-DO01-13-0022,MECO-Design Services @ San Joaquin-2013,MECO-DESIGN SERVICES @ SAN JOAQUIN-2013
295,101-PJ-DO01-13-0023,PLDT-Fiber to the Home-2013,PLDT-FIBER TO THE HOME-2013
296,101-PJ-DO01-13-0024,MECO-ERC Stickering-2013,MECO-ERC STICKERING-2013
297,101-PJ-DO01-13-0025,MECO-RFID-2013,MECO-RFID-2013
298,101-PJ-DO01-13-0026,CEDC-Line Maintenance-2013,CEDC-LINE MAINTENANCE-2013
299,101-PJ-DO01-13-0027,MECO-CND-San Miguel 69KV LineJob3&5-2013,MECO-CND-SAN MIGUEL 69KV LINEJOB3&5-2013
300,101-PJ-DO01-13-0028,MECO-Engineering & Various Services-2014,MECO-ENGINEERING & VARIOUS SERVICES-2014
301,101-PJ-DO01-13-0029,MECO-Load Profile Retrieval-2014,MECO-LOAD PROFILE RETRIEVAL-2014
302,101-PJ-DO01-13-0030,MECO-Data Gathering /Maintenance-2014,MECO-DATA GATHERING /MAINTENANCE-2014
303,101-PJ-DO01-13-0031,MECO-Meter Reading-2014,MECO-METER READING-2014
304,101-PJ-DO01-13-0032,MECO-Metering Security CheckReading-2014,MECO-METERING SECURITY CHECKREADING-2014
305,101-PJ-DO01-13-0033,MECO-Off Cycle Reading-2014,MECO-OFF CYCLE READING-2014
306,101-PJ-DO01-13-0034,MECO-Voltage Test and Reseal-2014,MECO-VOLTAGE TEST AND RESEAL-2014
307,101-PJ-DO01-13-0035,MECO-Network Asset Optimization-2014,MECO-NETWORK ASSET OPTIMIZATION-2014
308,101-PJ-DO01-13-0036,MECO-FO 211 Check Reading-2014,MECO-FO 211 CHECK READING-2014
309,101-PJ-DO01-13-0037,MECO-FO 503 Pull-out Meter-2014,MECO-FO 503 PULL-OUT METER-2014
310,101-PJ-DO01-13-0038,MECO-Facilities Inspection Services-2014,MECO-FACILITIES INSPECTION SERVICES-2014
311,101-PJ-DO01-13-0039,MECO-Meter SocketVoltageTest&Reseal-2014,MECO-METER SOCKETVOLTAGETEST&RESEAL-2014
312,101-PJ-DO01-13-0040,MECO-Enterprise Asset Management-2014,MECO-ENTERPRISE ASSET MANAGEMENT-2014
313,101-PJ-DO01-13-0041,MECO-STP North Area-2014,MECO-STP NORTH AREA-2014
314,101-PJ-DO01-13-0042,MECO-Design Services (LSCP)-2014,MECO-DESIGN SERVICES (LSCP)-2014
315,101-PJ-DO01-13-0043,MECO-Design Services (Cost Plus)-2014,MECO-DESIGN SERVICES (COST PLUS)-2014
316,101-PJ-DO01-13-0044,MECO-Design Services @ San Joaquin-2014,MECO-DESIGN SERVICES @ SAN JOAQUIN-2014
317,101-PJ-DO01-13-0045,PLDT-Fiber to the Home-2014,PLDT-FIBER TO THE HOME-2014
318,101-PJ-DO01-13-0046,MECO-ERC Stickering-2014,MECO-ERC STICKERING-2014
319,101-PJ-DO01-13-0047,MECO-RFID-2014,MECO-RFID-2014
320,101-PJ-DO01-13-0048,CEDC-Line Maintenance- 2014,CEDC-LINE MAINTENANCE- 2014
321,101-PJ-DO01-13-0049,Solar Enery-34.5kV (PHASE 1)-2014,SOLAR ENERY-34.5KV (PHASE 1)-2014
322,101-PJ-DO01-13-0050,DSD- 2014,DSD- 2014
323,101-PJ-DO01-13-0051,SMART-STK Tower Conversion-2013,SMART-STK TOWER CONVERSION-2013
324,101-PJ-DO01-13-0052,MECO-Fiber Optic Cable (FOC)-2013,MECO-FIBER OPTIC CABLE (FOC)-2013
325,101-PJ-DO01-13-0053,RADIUS-Telecom Cabling Works-2013,RADIUS-TELECOM CABLING WORKS-2013
326,101-PJ-DO01-13-0054,"PLDT-MSI, FRM & DSL Valenzuela-2013","PLDT-MSI, FRM & DSL VALENZUELA-2013"
327,101-PJ-DO01-13-0055,"PLDT-MSI, FRM & DSL Grace Park-2013","PLDT-MSI, FRM & DSL GRACE PARK-2013"
328,101-PJ-DO01-13-0056,"PLDT-MSI, FRM & DSL South Para�aque-2013","PLDT-MSI, FRM & DSL SOUTH PARA�AQUE-2013"
329,101-PJ-DO01-13-0057,"PLDT-MSI, FRM & DSL Novaliches-2013","PLDT-MSI, FRM & DSL NOVALICHES-2013"
330,101-PJ-DO01-13-0058,PLDT-MSI & DSL Quezon City-2013,PLDT-MSI & DSL QUEZON CITY-2013
331,101-PJ-DO01-13-0059,"PLDT-MSI, FRM & DSL Caloocan-2013","PLDT-MSI, FRM & DSL CALOOCAN-2013"
332,101-PJ-DO01-13-0060,PLDT-Cable Quality Maintenance-2013,PLDT-CABLE QUALITY MAINTENANCE-2013
333,101-PJ-DO01-13-0061,MMDA-Traffic SignalSystem&Facil Upg-2013,MMDA-TRAFFIC SIGNALSYSTEM&FACIL UPG-2013
334,101-PJ-DO01-13-0062,INDRA-Installation of CCTV Cam-2013,INDRA-INSTALLATION OF CCTV CAM-2013
335,101-PJ-DO01-13-0063,PLDT-New Wave in Albay-2013,PLDT-NEW WAVE IN ALBAY-2013
336,101-PJ-DO01-13-0064,PLDT-MSI & DSL for Legaspi Bicol-2013,PLDT-MSI & DSL FOR LEGASPI BICOL-2013
337,101-PJ-DO01-13-0065,MECO-Fiber Optic Cable (FOC)-2014,MECO-FIBER OPTIC CABLE (FOC)-2014
338,101-PJ-DO01-13-0066,RADIUS-Telecom Cabling Works-2014,RADIUS-TELECOM CABLING WORKS-2014
339,101-PJ-DO01-13-0067,"PLDT-MSI, FRM & DSL Valenzuela-2014","PLDT-MSI, FRM & DSL VALENZUELA-2014"
340,101-PJ-DO01-13-0068,"PLDT-MSI, FRM & DSL Grace Park-2014","PLDT-MSI, FRM & DSL GRACE PARK-2014"
341,101-PJ-DO01-13-0069,"PLDT-MSI, FRM & DSL South Para�aque-2014","PLDT-MSI, FRM & DSL SOUTH PARA�AQUE-2014"
342,101-PJ-DO01-13-0070,"PLDT-MSI, FRM & DSL Novaliches-2014","PLDT-MSI, FRM & DSL NOVALICHES-2014"
343,101-PJ-DO01-13-0071,PLDT-MSI & DSL Quezon City-2014,PLDT-MSI & DSL QUEZON CITY-2014
344,101-PJ-DO01-13-0072,"PLDT-MSI, FRM & DSL Caloocan-2014","PLDT-MSI, FRM & DSL CALOOCAN-2014"
345,101-PJ-DO01-13-0073,MINERGY-CEPALCO-138KV T/L-2014,MINERGY-CEPALCO-138KV T/L-2014
346,101-PJ-DO01-13-0074,FGPC-Sta Rita -Calaca 230kV TL VO-2014,FGPC-STA RITA -CALACA 230KV TL VO-2014
347,101-PJ-DO01-13-0075,QPL-Tayabas-Mauban 230kV TL VO-2014,QPL-TAYABAS-MAUBAN 230KV TL VO-2014
348,101-PJ-DO01-13-0076,PLDT-MSI & DSL for Legaspi Bicol-2014,PLDT-MSI & DSL FOR LEGASPI BICOL-2014
349,101-PJ-DO01-13-0077,MWSI-Sluice Gates @ La mesa-2013,MWSI-SLUICE GATES @ LA MESA-2013
350,101-PJ-DO01-13-0078,MWSI-PDS with SDS @ Imus Cavite-2013,MWSI-PDS WITH SDS @ IMUS CAVITE-2013
351,101-PJ-DO01-13-0079,EDC-MahanagdongB&Malitbog Zero Cond-2013,EDC-MAHANAGDONGB&MALITBOG ZERO COND-2013
352,101-PJ-DO01-13-0080,EDC-LGPF PAD 4RC Hot Brine-2013,EDC-LGPF PAD 4RC HOT BRINE-2013
353,101-PJ-DO01-13-0081,SPO-Sta Rita&SanLorenzoMaint/Outage-2013,SPO-STA RITA&SANLORENZOMAINT/OUTAGE-2013
354,101-PJ-DO01-13-0082,EDC-Hybrid Gas Removal System-2013,EDC-HYBRID GAS REMOVAL SYSTEM-2013
355,101-PJ-DO01-13-0083,MGI-Maibarara Geothermal Piping-2013,MGI-MAIBARARA GEOTHERMAL PIPING-2013
356,101-PJ-DO01-13-0084,UPC-Facility Study at UPC Wind Farm-2013,UPC-FACILITY STUDY AT UPC WIND FARM-2013
357,101-PJ-DO01-13-0085,ANDRITZ-Ambuklao Warranty Works-2013,ANDRITZ-AMBUKLAO WARRANTY WORKS-2013
358,101-PJ-DO01-13-0086,SC-Electrical System&FireProtection-2013,SC-ELECTRICAL SYSTEM&FIREPROTECTION-2013
359,101-PJ-DO01-13-0087,EDC-Hot Brine Wellhead Washing LGPF-2013,EDC-HOT BRINE WELLHEAD WASHING LGPF-2013
360,101-PJ-DO01-13-0088,SPO-Maintenance Work of the Plant-2013,SPO-MAINTENANCE WORK OF THE PLANT-2013
361,101-PJ-DO01-13-0089,SPO-Insulator Foreman& Mech Fitter-2013,SPO-INSULATOR FOREMAN& MECH FITTER-2013
362,101-PJ-DO01-13-0090,ANDRITZ-Pantabangan Refurb&Upgrade-2013,ANDRITZ-PANTABANGAN REFURB&UPGRADE-2013
363,101-PJ-DO01-13-0091,EDC-LGPF South Sambaloran Leyte- 2013,EDC-LGPF SOUTH SAMBALORAN LEYTE- 2013
364,101-PJ-DO01-13-0092,EDC-LGPF PAD 301 Well 318D Hook Up-2013,EDC-LGPF PAD 301 WELL 318D HOOK UP-2013
365,101-PJ-DO01-13-0093,EDC-Bacman Steam Augmentation-2013,EDC-BACMAN STEAM AUGMENTATION-2013
366,101-PJ-DO01-13-0094,EDC-Reinjection Line to PAL 3RD-2013,EDC-REINJECTION LINE TO PAL 3RD-2013
367,101-PJ-DO01-13-0095,EDC-Bacman Steam Well Hook Up-2013,EDC-BACMAN STEAM WELL HOOK UP-2013
368,101-PJ-DO01-13-0096,CHEVRON-Meralco Grid Tapping-2013,CHEVRON-MERALCO GRID TAPPING-2013
369,101-PJ-DO01-13-0097,EDC-PGPPI UNIT#1 SGE TO GES Hybrid-2013,EDC-PGPPI UNIT#1 SGE TO GES HYBRID-2013
370,101-PJ-DO01-13-0098,PGPC-C O&M Makban Geothermal Steam-2013,PGPC-C O&M MAKBAN GEOTHERMAL STEAM-2013
371,101-PJ-DO01-13-0099,PGPC-C O&M Tiwi Geothermal Steam-2013,PGPC-C O&M TIWI GEOTHERMAL STEAM-2013
372,101-PJ-DO01-13-0100,FGHPC-Pantabangan Fire Protection- 2013,FGHPC-PANTABANGAN FIRE PROTECTION- 2013
373,101-PJ-DO01-13-0101,FGHPC-MHEP Oil Interceptor-2013,FGHPC-MHEP OIL INTERCEPTOR-2013
374,101-PJ-DO01-13-0102,SPO-Maintenance Work of the Plant-2014,SPO-MAINTENANCE WORK OF THE PLANT-2014
375,101-PJ-DO01-13-0103,SPO-Insulator Foreman& Mech Fitter-2014,SPO-INSULATOR FOREMAN& MECH FITTER-2014
376,101-PJ-DO01-13-0104,PGPC-C O&M Makban Geothermal Steam-2014,PGPC-C O&M MAKBAN GEOTHERMAL STEAM-2014
377,101-PJ-DO01-13-0105,PGPC-C O&M Tiwi Geothermal Steam-2014,PGPC-C O&M TIWI GEOTHERMAL STEAM-2014
378,101-PJ-DO01-13-0106,MECO-Mahabang Parang 69kV L1 Job 2-2013,MECO-MAHABANG PARANG 69KV L1 JOB 2-2013
379,101-PJ-DO01-13-0107,MECO-Mahabang Parang 69kV L1 Job 4-2013,MECO-MAHABANG PARANG 69KV L1 JOB 4-2013
380,101-PJ-DO01-13-0108,MECO-Mahabang Parang 69kV L2 Job 2-2013,MECO-MAHABANG PARANG 69KV L2 JOB 2-2013
381,101-PJ-DO01-13-0109,MECO-Bolbok Batangas 69kV Line-2013,MECO-BOLBOK BATANGAS 69KV LINE-2013
382,101-PJ-DO01-13-0110,MECO-Mahabang Parang 69kV L2 Job 4-2013,MECO-MAHABANG PARANG 69KV L2 JOB 4-2013
383,101-PJ-DO01-13-0111,MECO-Dasma-Imus 115KV Line Job 2-2013,MECO-DASMA-IMUS 115KV LINE JOB 2-2013
384,101-PJ-DO01-13-0112,MECO-LagunaBelAir SS-Sta Rosa 115kV-2013,MECO-LAGUNABELAIR SS-STA ROSA 115KV-2013
385,101-PJ-DO01-13-0113,MECO-Electro-mech CIP2 LB 115kV-2013,MECO-ELECTRO-MECH CIP2 LB 115KV-2013
386,101-PJ-DO01-13-0114,MECO-Roofing over spiral staircase-2013,MECO-ROOFING OVER SPIRAL STAIRCASE-2013
387,101-PJ-DO01-13-0115,FGPC-Sta Rita-Calaca 230kV TL Maint-2013,FGPC-STA RITA-CALACA 230KV TL MAINT-2013
388,101-PJ-DO01-13-0116,CDC-Clark 230kV Power T/L Phase 3B-2013,CDC-CLARK 230KV POWER T/L PHASE 3B-2013
389,101-PJ-DO01-13-0117,ALTERNERGY-115kV TL & Switchyard-2013,ALTERNERGY-115KV TL & SWITCHYARD-2013
390,101-PJ-DO01-13-0118,MLI-Rehab of MOC Telecom Tower-2013,MLI-REHAB OF MOC TELECOM TOWER-2013
391,101-PJ-DO01-13-0119,QPL-Tayabas Mauban 230kV TL Maint-2013,QPL-TAYABAS MAUBAN 230KV TL MAINT-2013
392,101-PJ-DO01-13-0120,MSERV-UG Facilities Resorts World-2013,MSERV-UG FACILITIES RESORTS WORLD-2013
393,101-PJ-DO01-13-0121,TSI-Toril 138 kV Substation-2013,TSI-TORIL 138 KV SUBSTATION-2013
394,101-PJ-DO01-13-0122,CHEVRON-Rationaliz'n Elect Feeders-2013,CHEVRON-RATIONALIZ'N ELECT FEEDERS-2013
395,101-PJ-DO01-13-0123,BSP-Supply & Inst of 2-3MVA Transf-2013,BSP-SUPPLY & INST OF 2-3MVA TRANSF-2013
396,101-PJ-DO01-13-0124,CDC-Clark 230KV Power T/L Phase 3A-2013,CDC-CLARK 230KV POWER T/L PHASE 3A-2013
397,101-PJ-DO01-13-0125,"MECO-Fire Exit Stairs,PWD Ramp & CR-2013","MECO-FIRE EXIT STAIRS,PWD RAMP & CR-2013"
398,101-PJ-DO01-13-0126,CEDC-69kV TL-2014,CEDC-69KV TL-2014
399,101-PJ-DO01-13-0127,QPL-Additional Manpower-2014,QPL-ADDITIONAL MANPOWER-2014
400,101-PJ-DO01-13-0128,HOLCIM-Relocation SS Line1 Bulacan-2014,HOLCIM-RELOCATION SS LINE1 BULACAN-2014
401,101-PJ-DO01-13-0129,*Open Project*,*OPEN PROJECT*
402,101-PJ-DO01-13-0130,"PLDT-MSI, FRM & DSL CAMANAVA-2014","PLDT-MSI, FRM & DSL CAMANAVA-2014"
403,101-PJ-DO01-13-0131,CEDC-Reconductoring 13.8kV UG Lines-2014,CEDC-RECONDUCTORING 13.8KV UG LINES-2014
404,101-PJ-DO01-13-0132,CEDC-Installation 13.8kV UG Line-2014,CEDC-INSTALLATION 13.8KV UG LINE-2014
405,101-PJ-DO01-13-0133,Trading-2013,TRADING-2013
406,101-PJ-DO01-13-0134,Trading-2014,TRADING-2014
407,101-PJ-DO01-13-0135,CEDC-Proposed Underground Lines-2014,CEDC-PROPOSED UNDERGROUND LINES-2014
408,101-PJ-DO01-14-0001,CEDC-INGASCO-69kV TL,CEDC-INGASCO-69KV TL
409,101-PJ-DO01-14-0002,PLDT OPM/OPR GMM PROJECT,PLDT OPM/OPR GMM PROJECT
410,101-PJ-DO01-14-0003,PLDT BAGUIO OAOP PROJECT,PLDT BAGUIO OAOP PROJECT
411,101-PJ-DO01-14-0004,FGPC-Sta.Rita- Calaca 230kV TL Maint&FP,FGPC-STA.RITA- CALACA 230KV TL MAINT&FP
412,101-PJ-DO01-14-0005,QPL-Tayabas-Mauban 230kV TL Maint,QPL-TAYABAS-MAUBAN 230KV TL MAINT
413,101-PJ-DO01-14-0006,NGCP-OPOL Substation Proj. (T/L Portion),NGCP-OPOL SUBSTATION PROJ. (T/L PORTION)
414,101-PJ-DO01-14-0007,MECO-Const.of MP-Bolbok-Simulong69KVL J3,MECO-CONST.OF MP-BOLBOK-SIMULONG69KVL J3
415,101-PJ-DO01-14-0008,CEDC - Instl'n of 69kV DoubleCircuit T/L,CEDC - INSTL'N OF 69KV DOUBLECIRCUIT T/L
416,101-PJ-DO01-14-0009,CEDC 69kV Bridge Solution,CEDC 69KV BRIDGE SOLUTION
417,101-PJ-DO01-14-0010,PMPC-Proposed SnGabrl AvionPowerPlnt S/S,PMPC-PROPOSED SNGABRL AVIONPOWERPLNT S/S
418,101-PJ-DO01-14-0011,CEPALCO-2x150MVA 138kV/69kVTagoloan S/S,CEPALCO-2X150MVA 138KV/69KVTAGOLOAN S/S
419,101-PJ-DO01-14-0012,SC-FirePump & Cistern Tanks for Rehab,SC-FIREPUMP & CISTERN TANKS FOR REHAB
420,101-PJ-DO01-14-0013,SC-Instl'n of FireProtectionSys.-SC Main,SC-INSTL'N OF FIREPROTECTIONSYS.-SC MAIN
421,101-PJ-DO01-14-0014,MECO-Const.of MP-Bolbok-Simulong69KVL J4,MECO-CONST.OF MP-BOLBOK-SIMULONG69KVL J4
422,101-PJ-DO01-14-0015,Meco-Structural Assessmt ofTelecomTowers,MECO-STRUCTURAL ASSESSMT OFTELECOMTOWERS
423,101-PJ-DO01-14-0016,Replacement of Meter Project,REPLACEMENT OF METER PROJECT
424,101-PJ-DO01-14-0017,"CEDC-69kV line to MexicoL2&Clark L1,2 TL","CEDC-69KV LINE TO MEXICOL2&CLARK L1,2 TL"
425,101-PJ-DO01-14-0018,CEDC-Lowerng exstng downguys P.Balagtas,CEDC-LOWERNG EXSTNG DOWNGUYS P.BALAGTAS
426,101-PJ-DO01-14-0019,QPL-Addt'l Manpower 230kV (RFS#137),QPL-ADDT'L MANPOWER 230KV (RFS#137)
427,101-PJ-DO01-14-0020,MECO-Const.New Bldg.&Fac.Meco Corp Hdqtr,MECO-CONST.NEW BLDG.&FAC.MECO CORP HDQTR
428,101-PJ-DO01-14-0021,MECO-Const.of Tayabas 2nd 115kV Job  1&2,MECO-CONST.OF TAYABAS 2ND 115KV JOB  1&2
429,101-PJ-DO01-14-0022,AWOC-Proposal Eng'gSurvey&Insp.Meco Fac.,AWOC-PROPOSAL ENG'GSURVEY&INSP.MECO FAC.
430,101-PJ-DO01-14-0023,PLDT-Smart-Sun Cebu Backbone Project,PLDT-SMART-SUN CEBU BACKBONE PROJECT
431,101-PJ-DO01-14-0024,CEDC-Interconnect'n ofTNSCI-PSPC 69kV L3,CEDC-INTERCONNECT'N OFTNSCI-PSPC 69KV L3
432,101-PJ-DO01-14-0025,FGPC-Sta.Rita- Calaca 230kV TL Maint&FP,FGPC-STA.RITA- CALACA 230KV TL MAINT&FP
433,101-PJ-DO01-14-0026,FGPC-Sta.Rita-Calaca230kV TL Various RFS,FGPC-STA.RITA-CALACA230KV TL VARIOUS RFS
434,101-PJ-DO01-14-0027,SPO-Supply of Manpower- Mech.Maint.Works,SPO-SUPPLY OF MANPOWER- MECH.MAINT.WORKS
435,101-PJ-DO01-14-0028,ECC-Const'n of 69kVTL SnIldefonso Bulacn,ECC-CONST'N OF 69KVTL SNILDEFONSO BULACN
436,101-PJ-DO01-14-0029,CEDC-Prop.100MVA230kV-69kVTrans CDC Subs,CEDC-PROP.100MVA230KV-69KVTRANS CDC SUBS
437,101-PJ-DO01-14-0030,SESL-Erection and I&C erection works,SESL-ERECTION AND I&C ERECTION WORKS
438,101-PJ-DO01-14-0031,CADPI-Elect'l Sys Power Ins. Fac. & Eqpt,CADPI-ELECT'L SYS POWER INS. FAC. & EQPT
439,101-PJ-DO01-14-0032,MECO-Support in audit SIN-TLN Connectvty,MECO-SUPPORT IN AUDIT SIN-TLN CONNECTVTY
440,101-PJ-DO01-14-0033,PLDT-Digitel/leF/AcF/FOC: Cluster 2&4,PLDT-DIGITEL/LEF/ACF/FOC: CLUSTER 2&4
441,101-PJ-DO01-14-0034,QPL-Additional Manpower-2015,QPL-ADDITIONAL MANPOWER-2015
442,101-PJ-DO01-14-0035,QPL-Various Variation Orders,QPL-VARIOUS VARIATION ORDERS
443,101-PJ-DO01-15-0001,Replacement Meter,REPLACEMENT METER
444,101-PJ-DO01-15-0002,CEDC-Line Maintenance,CEDC-LINE MAINTENANCE
445,101-PJ-DO01-15-0003,Engineering and Various Services,ENGINEERING AND VARIOUS SERVICES
446,101-PJ-DO01-15-0004,HMB (Home and Micro Business) ENCODING,HMB (HOME AND MICRO BUSINESS) ENCODING
447,101-PJ-DO01-15-0005,Load Profile Retrieval,LOAD PROFILE RETRIEVAL
448,101-PJ-DO01-15-0006,DATA MAINTENANCE,DATA MAINTENANCE
449,101-PJ-DO01-15-0007,RESOLUTION FOR FIELD VERIFICATION (RFV),RESOLUTION FOR FIELD VERIFICATION (RFV)
450,101-PJ-DO01-15-0008,Meter Reading,METER READING
451,101-PJ-DO01-15-0009,Metering Security Check Reading,METERING SECURITY CHECK READING
452,101-PJ-DO01-15-0010,Off Cycle Reading,OFF CYCLE READING
453,101-PJ-DO01-15-0011,Network Asset Optimization,NETWORK ASSET OPTIMIZATION
454,101-PJ-DO01-15-0012,FO 211 Check Reading,FO 211 CHECK READING
455,101-PJ-DO01-15-0013,ADVISE OF CONTRACT TERMINATION (ACT),ADVISE OF CONTRACT TERMINATION (ACT)
456,101-PJ-DO01-15-0014,PREPAID ELECTRICITY SERVICE (PRES),PREPAID ELECTRICITY SERVICE (PRES)
457,101-PJ-DO01-15-0015,Facilities Inspection Services,FACILITIES INSPECTION SERVICES
458,101-PJ-DO01-15-0016,Meter Socket Voltage Test & Reseal,METER SOCKET VOLTAGE TEST & RESEAL
459,101-PJ-DO01-15-0017,SERVICE DROP AND STREETLIGHT DATA GATHER,SERVICE DROP AND STREETLIGHT DATA GATHER
460,101-PJ-DO01-15-0018,STP Operation and Maintenance,STP OPERATION AND MAINTENANCE
461,101-PJ-DO01-15-0019,Fiber to the Home,FIBER TO THE HOME
462,101-PJ-DO01-15-0020,ERC Stickering,ERC STICKERING
463,101-PJ-DO01-15-0021,LSCP,LSCP
464,101-PJ-DO01-15-0022,COST PLUS,COST PLUS
465,101-PJ-DO01-15-0023,DCD DRAFTSMAN & ENGINEERING,DCD DRAFTSMAN & ENGINEERING
466,101-PJ-DO01-15-0024,DSD,DSD
467,101-PJ-DO01-15-0025,Fiber Optic Cable�(FOC),FIBER OPTIC CABLE�(FOC)
468,101-PJ-DO01-15-0026,Radius Telecoms,RADIUS TELECOMS
469,101-PJ-DO01-15-0027,PLDT OAOP- South Paranaque,PLDT OAOP- SOUTH PARANAQUE
470,101-PJ-DO01-15-0028,PLDT OAOP- Novaliches,PLDT OAOP- NOVALICHES
471,101-PJ-DO01-15-0029,PLDT OAOP- Quezon City,PLDT OAOP- QUEZON CITY
472,101-PJ-DO01-15-0030,PLDT OAOP- Legaspi,PLDT OAOP- LEGASPI
473,101-PJ-DO01-15-0031,PLDT OAOP- Camanava- GPK,PLDT OAOP- CAMANAVA- GPK
474,101-PJ-DO01-15-0032,PLDT OAOP- Baguio City,PLDT OAOP- BAGUIO CITY
475,101-PJ-DO01-15-0033,TRADING,TRADING
476,101-PJ-DO01-15-0034,PGPC-Const'n O&M ServiceContract- Makban,PGPC-CONST'N O&M SERVICECONTRACT- MAKBAN
477,101-PJ-DO01-15-0035,PGPC-Const'n O&M ServiceContract- TIWI,PGPC-CONST'N O&M SERVICECONTRACT- TIWI
478,101-PJ-DO01-15-0036,NGCP-Const'n of Malita-Matanao 230kV TL,NGCP-CONST'N OF MALITA-MATANAO 230KV TL
479,101-PJ-DO01-15-0037,NGCP-Malita-Matanao (Substation Portion),NGCP-MALITA-MATANAO (SUBSTATION PORTION)
480,101-PJ-DO01-15-0038,SAEI-Service for Grid Impact Study (GIS),SAEI-SERVICE FOR GRID IMPACT STUDY (GIS)
481,101-PJ-DO01-15-0039,PLDT DIRECT AWARDS NON- OAOP PROJECT,PLDT DIRECT AWARDS NON- OAOP PROJECT
482,101-PJ-DO01-15-0040,QPL-Tayabas-Mauban 230kV T/L Maintenance,QPL-TAYABAS-MAUBAN 230KV T/L MAINTENANCE
483,101-PJ-DO01-15-0041,FGPC-Sta.Rita-Calaca230kV T/LMaintenance,FGPC-STA.RITA-CALACA230KV T/LMAINTENANCE
484,101-PJ-DO01-15-0042,LSCP-Const'n of Dasma-Imus115kVLine Job4,LSCP-CONST'N OF DASMA-IMUS115KVLINE JOB4
485,101-PJ-DO01-15-0043,MECO-Corp & Information Tech  (CIT),MECO-CORP & INFORMATION TECH  (CIT)
486,101-PJ-DO01-15-0044,LSCP-UpratingBagbaguin-Meyca 115kV Ln J2,LSCP-UPRATINGBAGBAGUIN-MEYCA 115KV LN J2
487,101-PJ-DO01-15-0045,MIT-Elec.I&C Er.Work-Balingsg3x55MW TPP,MIT-ELEC.I&C ER.WORK-BALINGSG3X55MW TPP
488,101-PJ-DO01-15-0046,SMC-Malita Substation&PP Switchyard,SMC-MALITA SUBSTATION&PP SWITCHYARD
489,101-PJ-DO01-15-0047,Miescor-CDO Regional Office,MIESCOR-CDO REGIONAL OFFICE
490,101-PJ-DO01-15-0048,Addtl Manpwr-QPL TL Sec.Patrol RFS#144,ADDTL MANPWR-QPL TL SEC.PATROL RFS#144
491,101-PJ-DO01-15-0049,MECO-Design of 30M Telecom Tower,MECO-DESIGN OF 30M TELECOM TOWER
492,101-PJ-DO01-15-0050,CDC-230kV Substation Project,CDC-230KV SUBSTATION PROJECT
493,101-PJ-DO01-15-0051,"CEDC-Constn Calumpit-Tabang 69kV Line,J2","CEDC-CONSTN CALUMPIT-TABANG 69KV LINE,J2"
494,101-PJ-DO01-15-0052,ECC-Contruction 69kV metering facility,ECC-CONTRUCTION 69KV METERING FACILITY
495,120130-GNPMSR,Mexico Substation Series Reactor Project,MEXICO SUBSTATION SERIES REACTOR PROJECT
496,120136-PGCUGL,Engg Design for PAGCOR 115kV U/G TLine,ENGG DESIGN FOR PAGCOR 115KV U/G TLINE
497,120137-NGCECW,Desgn Install Elec Civil of Antipoplo SS,DESGN INSTALL ELEC CIVIL OF ANTIPOPLO SS
498,120138-MPGDEC,Desgn Engg Construction of the 500kV TL,DESGN ENGG CONSTRUCTION OF THE 500KV TL
499,120140-CEDUGL,69kV Lines & 13.8kV UG Lines X Railways,69KV LINES & 13.8KV UG LINES X RAILWAYS
500,120141-MEPSSG,Banuyao Switching Station&Grid Connectn,BANUYAO SWITCHING STATION&GRID CONNECTN
501,120142-MECHDD,UG Civil Works Reloc DOTR PNR N1 HDD,UG CIVIL WORKS RELOC DOTR PNR N1 HDD
502,120143-MECASS,Devt of Alagao 69KV Switching Station,DEVT OF ALAGAO 69KV SWITCHING STATION
503,120144-NGCCBT,Sch.IV-69kV Cap.Bank Tandag & Claver SS,SCH.IV-69KV CAP.BANK TANDAG & CLAVER SS
504,120145-NGCCBV,Sch.III-69kV Cap.Bank Villlaflor SS,SCH.III-69KV CAP.BANK VILLLAFLOR SS
505,120146-TSITSS,Minor Works of Toril 138KV Substation,MINOR WORKS OF TORIL 138KV SUBSTATION
506,120148-MECHDS,UG Civil Works Reloc DOTRN1 HDD StaClara,UG CIVIL WORKS RELOC DOTRN1 HDD STACLARA
507,120150-MEPBST,Reconfiguration of Baldoza 69kV SS,RECONFIGURATION OF BALDOZA 69KV SS
508,120151-NGCSBJ,Stringing of Sta. Barbara-San Jose 138kV,STRINGING OF STA. BARBARA-SAN JOSE 138KV
509,120202-MECSTP,Sewage Treatment Plant O&M,SEWAGE TREATMENT PLANT O&M
510,120203-MECNED,Non-Electric Design Project,NON-ELECTRIC DESIGN PROJECT
511,120204-MECEAD,Engineering & Allied Services,ENGINEERING & ALLIED SERVICES
512,120205-MECDMP,Data Maintenance Project,DATA MAINTENANCE PROJECT
513,120206-MECLBM,Land Base Mapping & ROWA,LAND BASE MAPPING & ROWA
514,120207-MECRFV,Resolution for Field Verification,RESOLUTION FOR FIELD VERIFICATION
515,120208-MECFAS,Foreign Attachment Support Services,FOREIGN ATTACHMENT SUPPORT SERVICES
516,120209-MECICT,Information & Communication Technology,INFORMATION & COMMUNICATION TECHNOLOGY
517,120210-MECNAD,Network Application & Data Management Co,NETWORK APPLICATION & DATA MANAGEMENT CO
518,120211-MECFIS,Facilities Inspection Support,FACILITIES INSPECTION SUPPORT
519,120212-MECMSC,Metering Security Check Reading,METERING SECURITY CHECK READING
520,120213-MECMSV,Meter Socket Voltage Test & Reseal,METER SOCKET VOLTAGE TEST & RESEAL
521,120214-MECOSA,Ordinary Service Application,ORDINARY SERVICE APPLICATION
522,120215-MECMTR,Meter Reading,METER READING
523,120216-MECLPR,Load Profile Retrieval,LOAD PROFILE RETRIEVAL
524,120217-MECFSB,Field Survey for Billing Adjustment,FIELD SURVEY FOR BILLING ADJUSTMENT
525,120218-MECACT,Advice of Contract Termination Project,ADVICE OF CONTRACT TERMINATION PROJECT
526,120219-MECOCR,PEA - Off Cycle Reading,PEA - OFF CYCLE READING
527,120220-MECDES,Design,DESIGN
528,120221-MECDSD,Drafting Services under DCD Group,DRAFTING SERVICES UNDER DCD GROUP
529,120222-MECCEC,Clark Electric Constructn & Maintenance,CLARK ELECTRIC CONSTRUCTN & MAINTENANCE
530,120223-MECSTL,Sub-Transmission Line,SUB-TRANSMISSION LINE
531,120324-GLBCLM,Globe Corporate Last Mile,GLOBE CORPORATE LAST MILE
532,120325-CNVSLI,Converge ICT SLI (NCR),CONVERGE ICT SLI (NCR)
533,120326-MECTEM,Meralco Telecoms Maintenance,MERALCO TELECOMS MAINTENANCE
534,120327-GLBNSR,Globe Narra SLI Residential CAMANAVA,GLOBE NARRA SLI RESIDENTIAL CAMANAVA
535,120328-RADTEL,Radius Telecom,RADIUS TELECOM
536,120329-CNVSLI,Converge ICT SLI (South Luzon),CONVERGE ICT SLI (SOUTH LUZON)
537,120332-RADCOL,Radius 50 COLOC/Nodes,RADIUS 50 COLOC/NODES
538,120333-MWICOC,Converge ODN Cavite,CONVERGE ODN CAVITE
539,120334-MWICOQ,CONVERGE ODN QUEZON CITY,CONVERGE ODN QUEZON CITY
540,120335-MWICOM,CONVERGE ODN MAKATI CITY,CONVERGE ODN MAKATI CITY
541,120335-MWICOQ,CONVERGE ODN MAKATI CITY,CONVERGE ODN MAKATI CITY
542,120339-GICACU,GLOBE AC UPGRADE,GLOBE AC UPGRADE
543,120347-MNOPCT,32M Steel Pole Caisson Type -NAIA & CBP1,32M STEEL POLE CAISSON TYPE -NAIA & CBP1
544,120349-HUASMS,SMART MICRO SITE/SMALL SITE,SMART MICRO SITE/SMALL SITE
545,120401-QPLMSP,TL Maintenance Security Patrol,TL MAINTENANCE SECURITY PATROL
546,120534-VRSTRD,Miescor Trading,MIESCOR TRADING
547,120631-MECMUA,MIESCOR Utility Attachment,MIESCOR UTILITY ATTACHMENT
548,121132-NGCSUP,South Luzon Substation Upgrading Proj2,SOUTH LUZON SUBSTATION UPGRADING PROJ2
549,121142-UPSBSO,UPSI BESS Interconnection Ormoc,UPSI BESS INTERCONNECTION ORMOC
550,121143-UPSBSL,UPSI BESS Interconnection Lumban,UPSI BESS INTERCONNECTION LUMBAN
551,121146-MECARS,MEC-Devt.of ArcaSouth 115kV 34.5kV GIS,MEC-DEVT.OF ARCASOUTH 115KV 34.5KV GIS
552,121149-FPEPBS,"FPEI BESS &NGCP SS in Pitogo, Zamboanga","FPEI BESS &NGCP SS IN PITOGO, ZAMBOANGA"
553,121150-FPESBS,FPEI BESS &NGCP SS in Sangali Zamboanga,FPEI BESS &NGCP SS IN SANGALI ZAMBOANGA
554,121151-MECCWS,CIVIL WORKS FOR SUBSTATION FACILITIES,CIVIL WORKS FOR SUBSTATION FACILITIES
555,121152-SCSETL,SCSEI-EPC for 230kV T-Line,SCSEI-EPC FOR 230KV T-LINE
556,121153-UPSBSJ,Jasaan Interconnection and SS Upgrade,JASAAN INTERCONNECTION AND SS UPGRADE
557,121154-AKPTPC,M1 Test Pit Construction&Pad Mount Xfr,M1 TEST PIT CONSTRUCTION&PAD MOUNT XFR
558,121155-MECDRS,Devt of Real Substation,DEVT OF REAL SUBSTATION
559,121156-TVIPFM,Repair of perimeter fence at Magdugo SS,REPAIR OF PERIMETER FENCE AT MAGDUGO SS
560,121157-NGCBSR,69kV Bislig Substation Restoration,69KV BISLIG SUBSTATION RESTORATION
561,121158-BWPBAC,Balaoi_Caunayan Substation MV Sys & TL,BALAOI_CAUNAYAN SUBSTATION MV SYS & TL
562,121159-MECCND,EPC of CND-Alagao 69kV Line,EPC OF CND-ALAGAO 69KV LINE
563,121160-MECFLB,Civil Works-Caisson Foundation Labangan,CIVIL WORKS-CAISSON FOUNDATION LABANGAN
564,121162-MECSJS,EPC SanJoaquin GIS Substation,EPC SANJOAQUIN GIS SUBSTATION
565,121162-TVIPFR,Perimeter Fence Repair For Magdugo Subst,PERIMETER FENCE REPAIR FOR MAGDUGO SUBST
566,121163-NCRPTI,PassiveTelecommunications Infrastructure,PASSIVETELECOMMUNICATIONS INFRASTRUCTURE
567,121164-MECCWS,Civil Works-Malinta Substation,CIVIL WORKS-MALINTA SUBSTATION
568,121207-MECCON,Concurrent,CONCURRENT
569,121208-MECMOR,More Electric & Power Corporation,MORE ELECTRIC & POWER CORPORATION
570,121209-MECNED,Non-Electric Design Project,NON-ELECTRIC DESIGN PROJECT
571,121210-MECPRA,Power Access,POWER ACCESS
572,121211-MECEAS,Engineering & Allied Services,ENGINEERING & ALLIED SERVICES
573,121212-MECDMP,Data Maintenance Project,DATA MAINTENANCE PROJECT
574,121213-MECLBM,Land Base Mapping,LAND BASE MAPPING
575,121214-MECROW,Right of Way Assistance,RIGHT OF WAY ASSISTANCE
576,121215-MECRFV,Resolution for Field Verification,RESOLUTION FOR FIELD VERIFICATION
577,121216-MECICT,Information & Communication Technology C,INFORMATION & COMMUNICATION TECHNOLOGY C
578,121217-MECNAD,Network Application & Data Management Co,NETWORK APPLICATION & DATA MANAGEMENT CO
579,121218-MECFAS,Foreign Attachment Support Services (AA),FOREIGN ATTACHMENT SUPPORT SERVICES (AA)
580,121219-MECFIS,Facilities Inspection Support,FACILITIES INSPECTION SUPPORT
581,121220-MECMSC,Metering Security Check Reading,METERING SECURITY CHECK READING
582,121221-MECMSV,Meter Socket Voltage Test & Reseal,METER SOCKET VOLTAGE TEST & RESEAL
583,121222-MECMTR,Meter Reading,METER READING
584,121223-MECLPR,Load Profile Retrieval,LOAD PROFILE RETRIEVAL
585,121224-MECFSB,Field Survey for Billing Adjustment,FIELD SURVEY FOR BILLING ADJUSTMENT
586,121225-MECACT,Advice of Contract Termination Project,ADVICE OF CONTRACT TERMINATION PROJECT
587,121226-MECOCR,PEA- Off Cycle Reading,PEA- OFF CYCLE READING
588,121227-MECDCD,Design Services DCD,DESIGN SERVICES DCD
589,121228-MECDSD,Design Services DSD,DESIGN SERVICES DSD
590,121229-MECSTL,Sub-Transmission Line,SUB-TRANSMISSION LINE
591,121230-CEDCEC,Clark Electric Construction & Maintenanc,CLARK ELECTRIC CONSTRUCTION & MAINTENANC
592,121231-MECDPI,Detailed Pole Inspection,DETAILED POLE INSPECTION
593,121301-GLBCLM,Globe Corporate Last Mile,GLOBE CORPORATE LAST MILE
594,121302-CNVSLI,Converge ICT SLI (NCR),CONVERGE ICT SLI (NCR)
595,121302-MWICOL,CONVERGE ODN LAGUNA,CONVERGE ODN LAGUNA
596,121303-GLBNSR,Globe Narra SLI Residential CAMANAVA,GLOBE NARRA SLI RESIDENTIAL CAMANAVA
597,121304-CNVSLI,Converge ICT SLI (NCR),CONVERGE ICT SLI (NCR)
598,121305-CNVSLI,Converge ICT SLI (South Luzon),CONVERGE ICT SLI (SOUTH LUZON)
599,121306-RADRLM,Radius Last Mile,RADIUS LAST MILE
600,121333-RADFOC,Radius Telecom,RADIUS TELECOM
601,121334-RADMDU,Radius MDU,RADIUS MDU
602,121335-PDTPWE,"PLDT PR, WAR & ENT (NQCY & SQCY)","PLDT PR, WAR & ENT (NQCY & SQCY)"
603,121335-PLDPWE,"PLDT PR, WAR & ENT  ""CANCELLED""","PLDT PR, WAR & ENT  ""CANCELLED"""
604,121337-GLBODN,"Globe ODN, StaMaria Bulacan","GLOBE ODN, STAMARIA BULACAN"
605,121338-CNVODN,Converge ODN Cavite Projects,CONVERGE ODN CAVITE PROJECTS
606,121339-CNVODN,Converge ODN North Caloocan Projects,CONVERGE ODN NORTH CALOOCAN PROJECTS
607,121340-NCRPTI,PassiveTelecommunications Infrastructur,PASSIVETELECOMMUNICATIONS INFRASTRUCTUR
608,121344-CNVODN,"Converge ICT Solutions, Inc.","CONVERGE ICT SOLUTIONS, INC."
609,121345-CNVODN,CONVERGE ODN SJDM PROJECTS,CONVERGE ODN SJDM PROJECTS
610,121347-CNVODN,CONVERGE ODN STA MARIA,CONVERGE ODN STA MARIA
611,121348-UICOSP,UDENNA PROJECTS,UDENNA PROJECTS
612,121361-RADSIM,Radius SIM Project,RADIUS SIM PROJECT
613,121536-VARTRD,Trading,TRADING
614,121541-SCEESS,Energy Joint R&D Prgm�Const. [CANCELLED],ENERGY JOINT R&D PRGM�CONST. [CANCELLED]
615,121541-SECESS,Const of ESS using recycled e-Veh Bat,CONST OF ESS USING RECYCLED E-VEH BAT
616,122107-LPCTLH,69kV TLine for Liangan HEPP,69KV TLINE FOR LIANGAN HEPP
617,122134-TPCDAS,DASCON LINES 1 & 2 RESTORATION,DASCON LINES 1 & 2 RESTORATION
618,122139-AKPSEW,EPC Services - Electrical Works,EPC SERVICES - ELECTRICAL WORKS
619,122144-EERCCP,EPC 500kV T/Line connecting EERI CCPP SS,EPC 500KV T/LINE CONNECTING EERI CCPP SS
620,122145-MECMKH,Devt of Mckinley Hills GIS Substation,DEVT OF MCKINLEY HILLS GIS SUBSTATION
621,122146-MECASN,Modified EPC of ASEANA GIS Substation,MODIFIED EPC OF ASEANA GIS SUBSTATION
622,122148-MECUGL,EPC of Various UG Lines at Batangas City,EPC OF VARIOUS UG LINES AT BATANGAS CITY
623,122149-MECBMU,EPC of Balintawak-Malinta 115kV UG Lines,EPC OF BALINTAWAK-MALINTA 115KV UG LINES
624,122150-MECBSS,Caisson Foundation Works Balagtas STL,CAISSON FOUNDATION WORKS BALAGTAS STL
625,122151-AKPESD,EPC of ESD Grounding for Phase 1 Project,EPC OF ESD GROUNDING FOR PHASE 1 PROJECT
626,122153-UPSICM,Interim Connection of UPSI BESS Mexico,INTERIM CONNECTION OF UPSI BESS MEXICO
627,122154-UPSICT,Interim Connection of UPSI BESS Tabango,INTERIM CONNECTION OF UPSI BESS TABANGO
628,122155-SPNSPP,EPC 230KV T-Line of Nueva Ecija SPP,EPC 230KV T-LINE OF NUEVA ECIJA SPP
629,122156-MPGTEL,MPGC-NGCP SCADA&Telecom Regmt,MPGC-NGCP SCADA&TELECOM REGMT
630,122157-SCSETL,EPC 500kV T-line at Zambales to Subic,EPC 500KV T-LINE AT ZAMBALES TO SUBIC
631,122158-MECMUG,Mod.EPC of Mckinley SS-115kV UG Line,MOD.EPC OF MCKINLEY SS-115KV UG LINE
632,122159-SCIPNR,EPC UG Cvl Work affected  DOTR PNR2 HDD,EPC UG CVL WORK AFFECTED  DOTR PNR2 HDD
633,122162-MECCWR,Civil Works Requirement  Alagao 69kV SW,CIVIL WORKS REQUIREMENT  ALAGAO 69KV SW
634,122166-MECTUG,TABANG SUBSTATION UNDERGROUND SCHEME,TABANG SUBSTATION UNDERGROUND SCHEME
635,122168-MECJMC,Mod.EPC of San Jose-Mateo-ComWlth 115TL,MOD.EPC OF SAN JOSE-MATEO-COMWLTH 115TL
636,122169-NGCMAN,Grid Protectn Relay Replacement Sched II,GRID PROTECTN RELAY REPLACEMENT SCHED II
637,122170-NGCBAC,Grid Protectn Relay Replacement Sche III,GRID PROTECTN RELAY REPLACEMENT SCHE III
638,122208-MECCON,Concurrent,CONCURRENT
639,122209-MECMOR,More Electric & Power Corporation,MORE ELECTRIC & POWER CORPORATION
640,122210-MECNED,Non-Electric Design Project,NON-ELECTRIC DESIGN PROJECT
641,122211-MECPRA,Power Access,POWER ACCESS
642,122212-MECEAS,Engineering & Allied Services,ENGINEERING & ALLIED SERVICES
643,122213-MECDMP,Data Maintenance Project,DATA MAINTENANCE PROJECT
644,122214-MECLBM,Land Base Mapping,LAND BASE MAPPING
645,122215-MECROW,Right of Way Assistance,RIGHT OF WAY ASSISTANCE
646,122216-MECRFV,Resolution for Field Verification,RESOLUTION FOR FIELD VERIFICATION
647,122217-MECICT,Information & Communication Technology C,INFORMATION & COMMUNICATION TECHNOLOGY C
648,122218-MECNAD,Network Application & Data Management Co,NETWORK APPLICATION & DATA MANAGEMENT CO
649,122219-MECFAS,Foreign Attachment Support Services (AA),FOREIGN ATTACHMENT SUPPORT SERVICES (AA)
650,122220-MECFIS,Facilities Inspection Support,FACILITIES INSPECTION SUPPORT
651,122221-MECMSC,Metering Security Check Reading,METERING SECURITY CHECK READING
652,122222-MECMSV,Meter Socket Voltage Test & Reseal,METER SOCKET VOLTAGE TEST & RESEAL
653,122223-MECMTR,Meter Reading,METER READING
654,122224-MECLPR,Load Profile Retrieval,LOAD PROFILE RETRIEVAL
655,122225-MECFSB,Field Survey for Billing Adjustment,FIELD SURVEY FOR BILLING ADJUSTMENT
656,122226-MECACT,Advice of Contract Termination Project,ADVICE OF CONTRACT TERMINATION PROJECT
657,122227-MECOCR,PEA- Off Cycle Reading,PEA- OFF CYCLE READING
658,122228-MECDCD,Design Services DCD,DESIGN SERVICES DCD
659,122229-MECDSD,Design Services DSD,DESIGN SERVICES DSD
660,122230-MECSTL,Sub-Transmission Line,SUB-TRANSMISSION LINE
661,122231-CEDCEC,Clark Electric Construction & Maintenanc,CLARK ELECTRIC CONSTRUCTION & MAINTENANC
662,122247-MECAOP,Accred. of MIESCOR as AOPL CBM Vendor,ACCRED. OF MIESCOR AS AOPL CBM VENDOR
663,122301-CNVSLI,Converge ICT SLI,CONVERGE ICT SLI
664,122302-RADRLM,Radius Last Mile,RADIUS LAST MILE
665,122303-RADSIM,Radius SIM Project,RADIUS SIM PROJECT
666,122304-GLBCLM,Globe Corporate Last Mile,GLOBE CORPORATE LAST MILE
667,122305-GLBNSR,Globe Narra SLI Residential CAMANAVA,GLOBE NARRA SLI RESIDENTIAL CAMANAVA
668,122306-PLDTPW,"PLDT PR, WAR & ENT (NQCY & SQCY)","PLDT PR, WAR & ENT (NQCY & SQCY)"
669,122332-HUAMCS,MICROSITE PROJECTS,MICROSITE PROJECTS
670,122333-MECTEM,MERALCO FOC PROJECTS,MERALCO FOC PROJECTS
671,122340-MIDCTM,MIDC (Common Tower).,MIDC (COMMON TOWER).
672,122341-CNVODN,Converge ODN Caloocan,CONVERGE ODN CALOOCAN
673,122342-TELCWH,TELBU Central Warehouse,TELBU CENTRAL WAREHOUSE
674,122343-CNVODN,CONVERGE ODN CALAMBA PROJECTS,CONVERGE ODN CALAMBA PROJECTS
675,122352-CNVFTB,Fiber- to -the Building,FIBER- TO -THE BUILDING
676,122360-MIDCTB,MIDC Tower Build,MIDC TOWER BUILD
677,122361-UNTYPW,Pole Works,POLE WORKS
678,122363-EVGFOC,ENERVANTAGE FOC PROJECTS,ENERVANTAGE FOC PROJECTS
679,122364-CNVCUZ,COPPERIZED PROJECT- SEGEMENT 17,COPPERIZED PROJECT- SEGEMENT 17
680,122365-GTIACU,GLOBE AC UPGRADE PROJECTS,GLOBE AC UPGRADE PROJECTS
681,122367-PHRFOC,PHRI FOC PROJECTS,PHRI FOC PROJECTS
682,122371-PLDTPI,Telecommunication Pole Inventory,TELECOMMUNICATION POLE INVENTORY
683,122536-VARTRD,Miescor Trading,MIESCOR TRADING
684,122537-MECFWC,Supply of Fired-Wedge Connectors/Cartrid,SUPPLY OF FIRED-WEDGE CONNECTORS/CARTRID
685,122538-MECORF,Transformer Oil Retrofilling Project,TRANSFORMER OIL RETROFILLING PROJECT
686,122635-MECMUA,MIESCOR Utility Attachment Contract2,MIESCOR UTILITY ATTACHMENT CONTRACT2
687,123137-NGCCNP,Cebu-Negros-Panay 230kV Backbone Stage1,CEBU-NEGROS-PANAY 230KV BACKBONE STAGE1
688,123139-GIGZSS,GigaAce-230kV Substation Zambales,GIGAACE-230KV SUBSTATION ZAMBALES
689,123141-SPNNGC,NGCP Cabanatuan 230kV SS Pkg 3,NGCP CABANATUAN 230KV SS PKG 3
690,123142-SPNNES,Nueva Ecija 1 230kV Substation,NUEVA ECIJA 1 230KV SUBSTATION
691,123143-MGEFCS,Facility Study Report for Gapan-Nagsaag,FACILITY STUDY REPORT FOR GAPAN-NAGSAAG
692,123201-MECACT,Advice of Contract Termination Project,ADVICE OF CONTRACT TERMINATION PROJECT
693,123202-MECAOL,Anti-Obstruction of Power Lines Project,ANTI-OBSTRUCTION OF POWER LINES PROJECT
694,123203-MECDCD,Design Services DCD,DESIGN SERVICES DCD
695,123204-MECDSD,Design Services DSD,DESIGN SERVICES DSD
696,123205-MECDMP,Data Maintenance Project,DATA MAINTENANCE PROJECT
697,123206-MECEAS,Engineering & Allied Services,ENGINEERING & ALLIED SERVICES
698,123207-MECFIS,Facilities Inspection Support,FACILITIES INSPECTION SUPPORT
699,123208-MECFSB,Field Survey for Billing Adjustment,FIELD SURVEY FOR BILLING ADJUSTMENT
700,123209-MECICT,Information & Communication Technology C,INFORMATION & COMMUNICATION TECHNOLOGY C
701,123210-MECLBM,Land Base Mapping,LAND BASE MAPPING
702,123211-MECLPR,Load Profile Retrieval,LOAD PROFILE RETRIEVAL
703,123212-MECMTR,Meter Reading,METER READING
704,123213-MECMSC,Metering Security Check Reading,METERING SECURITY CHECK READING
705,123214-MECMSV,Meter Socket Voltage Test & Reseal,METER SOCKET VOLTAGE TEST & RESEAL
706,123215-MECNAD,Network Application & Data Management Co,NETWORK APPLICATION & DATA MANAGEMENT CO
707,123216-MECNED,Non-Electric Design Project,NON-ELECTRIC DESIGN PROJECT
708,123217-MECOCR,PEA- Off Cycle Reading,PEA- OFF CYCLE READING
709,123218-MECPRA,Power Access,POWER ACCESS
710,123219-MECRFV,Resolution for Field Verification,RESOLUTION FOR FIELD VERIFICATION
711,123220-MECROW,Right of Way Assistance,RIGHT OF WAY ASSISTANCE
712,123221-MECSTL,Sub-Transmission Line,SUB-TRANSMISSION LINE
713,123222-CEDCEC,Clark Electric Construction & Maintenanc,CLARK ELECTRIC CONSTRUCTION & MAINTENANC
714,123226-MECCON,Concurrent,CONCURRENT
715,123327-RADSIM,Radius SIM Project,RADIUS SIM PROJECT
716,123328-RADRLM,Radius Last Mile,RADIUS LAST MILE
717,123329-GLBCLM,Globe Corporate Last Mile,GLOBE CORPORATE LAST MILE
718,123330-GLBNSR,Globe Narra SLI Residential CAMANAVA,GLOBE NARRA SLI RESIDENTIAL CAMANAVA
719,123331-PLDTPW,"PLDT PR, WAR & ENT (NQCY & SQCY)","PLDT PR, WAR & ENT (NQCY & SQCY)"
720,123332-MECTEM,MERALCO FOC PROJECTS,MERALCO FOC PROJECTS
721,123334-RADCOL,Radius COLOC MDU Project,RADIUS COLOC MDU PROJECT
722,123335-SKYMCT,SKYCABLE PROJECTS-MICRO TRENCHING,SKYCABLE PROJECTS-MICRO TRENCHING
723,123336-MIDCTM,PREV.MAINTENANCE TOWERS IN NCR & SLZ,PREV.MAINTENANCE TOWERS IN NCR & SLZ
724,123338-PLDTDC,PLDT DeCAP Project,PLDT DECAP PROJECT
725,123340-TELGAE,Telecom GAE,TELECOM GAE
726,123523-TYCONC,Connectors & Cartridges,CONNECTORS & CARTRIDGES
727,123524-ZTTMVC,MV Cables,MV CABLES
728,123525-VARTRD,Trading,TRADING
729,123633-MECMUA,MIESCOR Utility Attachement Contract 3,MIESCOR UTILITY ATTACHEMENT CONTRACT 3
730,124136-GNPVOS,GNPD-Construction of VO No.5,GNPD-CONSTRUCTION OF VO NO.5
731,124138-TSPGEO,Conduct of Geotech Invest. for Terra Sol,CONDUCT OF GEOTECH INVEST. FOR TERRA SOL
732,124144-TSPCON,Connection Assets of PV Solar and BESS P,CONNECTION ASSETS OF PV SOLAR AND BESS P
733,124201-MECACT,Advice of Contract Termination Project,ADVICE OF CONTRACT TERMINATION PROJECT
734,124202-MECAOL,Anti-Obstruction of Power Lines Project,ANTI-OBSTRUCTION OF POWER LINES PROJECT
735,124203-MECCON,Concurrent,CONCURRENT
736,124204-MECDCD,Design Services DCD,DESIGN SERVICES DCD
737,124205-MECDSD,Design Services DSD,DESIGN SERVICES DSD
738,124206-MECDMP,Data Maintenance Project,DATA MAINTENANCE PROJECT
739,124207-MECEAS,Engineering & Allied Services,ENGINEERING & ALLIED SERVICES
740,124208-MECFIS,Facilities Inspection Support,FACILITIES INSPECTION SUPPORT
741,124209-MECFSB,Field Survey for Billing Adjustment,FIELD SURVEY FOR BILLING ADJUSTMENT
742,124210-MECICT,Information & Communication Technology C,INFORMATION & COMMUNICATION TECHNOLOGY C
743,124211-MECLBM,Land Base Mapping,LAND BASE MAPPING
744,124212-MECLPR,Load Profile Retrieval,LOAD PROFILE RETRIEVAL
745,124213-MECMTR,Meter Reading,METER READING
746,124214-MECMSC,Metering Security Check Reading,METERING SECURITY CHECK READING
747,124215-MECMSV,Meter Socket Voltage Test & Reseal,METER SOCKET VOLTAGE TEST & RESEAL
748,124216-MECNAD,Network Application & Data Management Co,NETWORK APPLICATION & DATA MANAGEMENT CO
749,124217-MECNED,Non-Electric Design Project,NON-ELECTRIC DESIGN PROJECT
750,124218-MECOCR,PEA- Off Cycle Reading,PEA- OFF CYCLE READING
751,124219-MECPRA,Power Access,POWER ACCESS
752,124220-MECRFV,Resolution for Field Verification,RESOLUTION FOR FIELD VERIFICATION
753,124221-MECROW,Right of Way Assistance,RIGHT OF WAY ASSISTANCE
754,124222-MECSTL,Sub-Transmission Line,SUB-TRANSMISSION LINE
755,124223-CEDCEC,Clark Electric Construction & Maintenanc,CLARK ELECTRIC CONSTRUCTION & MAINTENANC
756,124325-JNSNAC,"JNSI, NAIC, CAVITE SOLAR ROOFTOP PROJECT","JNSI, NAIC, CAVITE SOLAR ROOFTOP PROJECT"
757,124327-MIDCTM,PREVENTIVE MAINTENANCE TOWERS,PREVENTIVE MAINTENANCE TOWERS
758,124328-GLBLMC,Globe Corporate Last Mile-Cebu,GLOBE CORPORATE LAST MILE-CEBU
759,124329-GLBCLM,Globe Corporate Last Mile,GLOBE CORPORATE LAST MILE
760,124330-MECTEM,Meralco Telecoms Maintenance,MERALCO TELECOMS MAINTENANCE
761,124331-PLDTPR,PLDT PR Project Luzon,PLDT PR PROJECT LUZON
762,124332-RADRLM,Radius Last Mile,RADIUS LAST MILE
763,124333-RADSIM,Radius SIM Project,RADIUS SIM PROJECT
764,124334-PLDTDC,PLDT DeCAP Project (Dedicated Customer A,PLDT DECAP PROJECT (DEDICATED CUSTOMER A
765,124335-PLDTTM,Tower Maintenance (Passive Support 2024),TOWER MAINTENANCE (PASSIVE SUPPORT 2024)
766,124337-TELGAE,Telecoms GAE,TELECOMS GAE
767,124339-RISOSP,Installation of Fiber (Outside Plant),INSTALLATION OF FIBER (OUTSIDE PLANT)
768,124340-HTPLDT,Huawei PLDT Optical Distribution Network,HUAWEI PLDT OPTICAL DISTRIBUTION NETWORK
769,124341-PLDTFB,PLDT Fiber to the Building Project,PLDT FIBER TO THE BUILDING PROJECT
770,124342-SPOFMR,SATORI Communication System Project,SATORI COMMUNICATION SYSTEM PROJECT
771,124343-ETPEPC,Pre-Constructions,PRE-CONSTRUCTIONS
772,124345-MECIPX,MECO-IP Access Equipt Replacement,MECO-IP ACCESS EQUIPT REPLACEMENT
773,124524-VARTRD,Trading,TRADING
774,124626-MECMUA,MIESCOR Utility Attachement Contract 4,MIESCOR UTILITY ATTACHEMENT CONTRACT 4
